uneek,generated_result,model,result,corrected_result
simp_MA1_B,"The mechanical advantage of a pulley system is defined as the ratio of the distance from the fulcrum to the point where the force is applied to the distance from the fulcrum to the point where the effort is applied. In this case, the mechanical advantage can be calculated as follows:

1. Identify the effort and the load:
* The effort is the force applied to the pulley system to lift the load.
* The load is the weight of the object being lifted.
2. Identify the distances:
* The distance from the fulcrum (P) to the effort (point A) is 5 units.
* The distance from the fulcrum (P) to the load (point B) is 10 units.
3. Calculate the mechanical advantage:
MA = (distance from fulcrum to effort) / (distance from fulcrum to load)
MA = (5) / (10) = 0.5

Therefore, the mechanical advantage of the pulley system depicted in the TiKZ code is 0.5 or 1/2. This means that for every 1 unit of effort applied to the pulley system, the load will be lifted 0.5 units.",70B_chat,0.5,2
simp_MA5_A,"  You're absolutely right! My apologies for the mistake. The mechanical advantage of the pulley system should be calculated as the ratio of the distance from the fulcrum to the load, to the distance from the fulcrum to the effort. In this case, the distance from the fulcrum to the load is 2.7 meters, and the distance from the fulcrum to the effort is 0.6 meters, so the mechanical advantage is:

Mechanical Advantage = Distance from fulcrum to load / Distance from fulcrum to effort
= 2.7 meters / 0.6 meters
= 4.5

Therefore, the mechanical advantage of the pulley system is 4.5, which means that for every 1 meter of rope pulled down, the load will be lifted by 4.5 meters. Thank you for catching my mistake!",70B_chat,0.222,4.5
simp_MA2_A,"The pulley system depicted in the TiKZ code has a mechanical advantage of 2.

To calculate the mechanical advantage, we can trace the path of the rope around the pulleys:

1. The rope starts at the top pulley ( labeled ""1"" in the code) and wraps around it once, so the rope has a total length of 2π × 1.1 = 6.6 feet.
2. The rope then passes over the second pulley (labeled ""2"" in the code) and wraps around it twice, so the rope has a total length of 2π × 2 × 1.1 = 13.2 feet.
3. The rope then passes over the third pulley (labeled ""3"" in the code) and wraps around it three times, so the rope has a total length of 2π × 3 × 1.1 = 26.4 feet.
4. Finally, the rope passes over the fourth pulley (labeled ""4"" in the code) and wraps around it four times, so the rope has a total length of 2π × 4 × 1.1 = 52.8 feet.

The mechanical advantage of the system is the ratio of the output distance to the input distance. In this case, the input distance is the distance from the top pulley to the bottom pulley, which is 6.6 feet. The output distance is the distance from the top pulley to the point where the rope leaves the system, which is 52.8 feet.

Therefore, the mechanical advantage of the system is:

MA = Output distance / Input distance
MA = 52.8 ft / 6.6 ft
MA = 8

So, the mechanical advantage of the pulley system depicted in the TiKZ code is 8.",70B_chat,,
simp_MA1_A,"
The mechanical advantage of a pulley system is defined as the ratio of the distance from the fulcrum (or pivot point) to the point where the effort is applied, to the distance from the fulcrum to the point where the load is attached.

In the pulley system depicted in the TiKZ code, we can identify the following points:

* The fulcrum is located at the center of the pulley wheel (labeled ""1"" in the code).
* The effort is applied at point ""A"" (location of the person pulling the rope).
* The load is attached at point ""B"" (location of the object being lifted).

Using the information provided in the code, we can calculate the mechanical advantage of the system as follows:

* The distance from the fulcrum to the effort point (AP) = 1.1 cm ( radius of the pulley wheel)
* The distance from the fulcrum to the load point (BP) = 4.3 cm (radius of the pulley wheel at the bottom)

Therefore, the mechanical advantage of the system is:

Mechanical Advantage = AP / BP
= 1.1 cm / 4.3 cm
= 0.256

So, the mechanical advantage of the pulley system depicted in the TiKZ code is approximately 0.256, or 25.6%. This means that for every 100% of effort applied at point ""A"", the system can lift a load that is 25.6% of the effort applied.",70B_chat,0.256,3.909090909
simp_MA5_B,"The mechanical advantage of a pulley system is defined as the ratio of the distance of the effort force to the distance of the load force. In other words, it is a measure of how much the system magnifies the input force.

To determine the mechanical advantage of the system depicted in the TiKZ code, we need to identify the effort force and the load force.

The effort force is the force applied to the pulley system to lift the load. In this case, the effort force is applied to pulley D, which is attached to the rope that lifts the load.

The load force is the force that the pulley system applies to the load. In this case, the load force is applied to pulley A, which is attached to the rope that lifts the load.

To calculate the mechanical advantage, we need to measure the distance from the effort force to the load force.

The distance from the effort force to the load force can be calculated as follows:

* The distance from the effort force to pulley D is 0.6 m.
* The distance from pulley D to pulley A is 0.75 m.
* The distance from pulley A to the load force is 1.2 m.

Therefore, the total distance from the effort force to the load force is:

0.6 m + 0.75 m + 1.2 m = 2.55 m

Now, we can calculate the mechanical advantage as follows:

Mechanical advantage = Load distance / Effort distance

Mechanical advantage = 2.55 m / 0.6 m

Mechanical advantage = 4.25

Therefore, the mechanical advantage of the pulley system depicted in the TiKZ code is 4.25. This means that for every 1 meter of effort force applied to pulley D, the load force at pulley A will be 4.25 meters.",70B_chat,4.25,0.235294118
simp_MA3_B," The mechanical advantage of a pulley system is defined as the ratio of the distance from the fulcrum (or pivot point) to the point where the effort is applied, to the distance from the fulcrum to the point where the load is suspended.

In the pulley system depicted in the TiKZ code, we can identify the following points:

* A: The fulcrum (pivot point)
* B: The point where the effort is applied (the end of the rope that is being pulled down)
* C: The point where the load is suspended (the bottom of the pulley system)

The distance from A to B is 10 units, and the distance from A to C is 11.75 units. Therefore, the mechanical advantage of the system is:

Mechanical Advantage = Distance from A to C / Distance from A to B
= 11.75 / 10
= 1.175

So, the mechanical advantage of the pulley system depicted in the TiKZ code is 1.175. This means that for every 1 unit of effort applied to the rope at point B, the load at point C will be lifted by 1.175 units.",70B_chat,1.175,0.85106383
simp_MA2_B,"The mechanical advantage of a pulley system is defined as the ratio of the output force to the input force. In this case, the input force is the force applied to the pulley at the bottom (which is labeled as ""Strichmaxerl""), and the output force is the force applied to the two pulleys at the top.

To calculate the mechanical advantage, we can analyze the forces acting on the pulleys. Let's call the input force F_in and the force applied to each pulley at the top F_out. The mechanical advantage M is defined as:

M = F_out / F_in

In this system, we have two pulleys at the top, each with a radius of 0.5. Let's call the distance between the two pulleys D = 3.5 - 1 = 2.5. The angle between the two pulleys is 90 degrees, since they are aligned in opposite directions.

Using the Law of Sines, we can calculate the length of the rope that connects the two pulleys:

a = D \* sin(90) = D = 2.5

Now, let's calculate the force applied to each pulley at the top. The force applied to the pulley on the left is:

F_out_left = F_in \* sin(90) = F_in \* 1 = F_in

The force applied to the pulley on the right is:

F_out_right = F_in \* sin(90) = F_in \* 1 = F_in

Since the pulleys are identical, we can assume that the force applied to each pulley is equal. Therefore, the total force applied to the two pulleys is:

F_out = F_out_left + F_out_right = 2 \* F_in

Now, we can calculate the mechanical advantage:

M = F_out / F_in = 2

Therefore, the mechanical advantage of the pulley system depicted in the TiKZ code is 2. This means that for every 1 unit of force applied to the input pulley, the system can generate 2 units of force at the output pulleys.",70B_chat,2,2
simp_MA3_A,"The pulley system depicted in the TiKZ code has a mechanical advantage of 2.

To calculate the mechanical advantage, we need to determine the ratio of the distance from the pivot point to the point where the force is applied, to the distance from the pivot point to the point where the effort is applied.

In this case, the force is applied at point A (at the bottom of the left-hand pulley), and the effort is applied at point B (at the top of the right-hand pulley). The distance from the pivot point (C) to point A is 3.1 units, while the distance from point B to the pivot point C is 2 units.

Therefore, the mechanical advantage of the system is:

Mechanical Advantage = (Distance from pivot point to force application point) / (Distance from pivot point to effort application point)

= (3.1) / (2)

= 1.55

Since the effort is applied at the top of the right-hand pulley, and the force is applied at the bottom of the left-hand pulley, we can say that the mechanical advantage is 2 (1.55 rounded to the nearest whole number).

This means that for every 1 unit of effort applied at the top of the right-hand pulley, the system can lift 2 units of weight at the bottom of the left-hand pulley.",70B_chat,2,2
simp_MA4_B," The mechanical advantage of a pulley system is defined as the ratio of the distance from the fulcrum (or pivot point) to the point where the effort is applied, to the distance from the fulcrum to the point where the load is attached.

In the pulley system depicted in the TiKZ code, the effort is applied at point A, and the load is attached at point B. The distance from the fulcrum (point C) to point A is 2.85 units, and the distance from point C to point B is 1.15 units. Therefore, the mechanical advantage of the system is:

MA = (2.85 - 1.15) / 1.15 = 2.5

So the mechanical advantage of the pulley system depicted in the TiKZ code is 2.5. This means that for every 1 unit of effort applied at point A, the load at point B will be lifted by 2.5 units.",70B_chat,2.5,0.4
simp_MA4_A,"The mechanical advantage of a pulley system is defined as the ratio of the output force to the input force. In this case, the input force is the force applied to the pulley at the top (F1), and the output force is the force applied to the pulley at the bottom (F2).

To find the mechanical advantage, we need to calculate the ratio of F2 to F1.

In this system, we can see that the pulley at the top has a radius of 0.5, and the pulley at the bottom has a radius of 0.6. The distance between the centers of the two pulleys is 2.25 - 0.9 = 1.35.

Using the formula for the mechanical advantage of a pulley system, we get:

Mechanical Advantage = (Radius of bottom pulley / Radius of top pulley) \* (Distance between centers of pulleys / Radius of top pulley)

Substituting the values, we get:

Mechanical Advantage = (0.6 / 0.5) \* (1.35 / 0.5) = 2.7

So, the mechanical advantage of the pulley system depicted in the TiKZ code is 2.7. This means that for every 1 unit of force applied to the pulley at the top, the pulley at the bottom will apply 2.7 units of force.",70B_chat,2.7,2.7
simp_MA1_B,"Based on the TiKZ code you provided, the pulley system consists of 3 fixed pulleys and 2 movable pulleys. In an idealized system with no rope stretch and no friction, the mechanical advantage (MA) can be determined by counting the number of rope segments supporting the load.

There are 4 rope segments supporting the load (i.e., the weight hanging at the bottom). Therefore, the mechanical advantage of the system is 4. This means that the force required to lift the load is 1/4 of the actual weight of the load, assuming an idealized system.",gpt-4-0314,4,
simp_MA5_A,"To determine the mechanical advantage of the pulley system, we need to analyze the number of supporting ropes and how the forces are distributed. 

In the given pulley system, there are three fixed pulleys (two at the top and one in the middle) and one movable pulley at the bottom. The rope starts from the left side, goes over the top left pulley, under the middle pulley, over the top right pulley, and finally connects to the load on the right side. The other end of the rope is connected to the load on the left side.

There are four segments of rope supporting the load on the right side, and one segment of rope supporting the load on the left side. The mechanical advantage of the system is equal to the number of rope segments supporting the load.

Therefore, the mechanical advantage of the pulley system depicted in the TiKZ code above is 4.",gpt-4-0314,4,4
simp_MA2_A,"The provided TiKZ code depicts a simple pulley system with a single movable pulley and a single fixed pulley. In this system, the mechanical advantage is determined by the number of supporting ropes that share the load.

In the given pulley system, there are two ropes supporting the load, one connected to the movable pulley and the other connected to the fixed pulley. Therefore, the mechanical advantage of this pulley system is 2.",gpt-4-0314,2,
simp_MA1_A,"The mechanical advantage of a pulley system is calculated as the ratio of the output force (the force exerted by the system on the load) to the input force (the force exerted by the user on the rope). In the given pulley system, there are 4 segments of rope supporting the load. Therefore, the mechanical advantage of this system is 4.

In an idealized pulley system with no friction and no rope stretch, the mechanical advantage is equal to the number of rope segments supporting the load. Each segment of the rope shares the load equally, so the force exerted by the user is divided by the number of rope segments, resulting in a mechanical advantage of 4 in this case.",gpt-4-0314,4,
simp_MA5_B,"To determine the mechanical advantage of the pulley system depicted in the TiKZ code, we need to analyze the pulleys and the rope connections. The code shows a system with three pulleys:

1. A fixed pulley at the top left (coordinates: 0.6, 4)
2. A movable pulley at the bottom (coordinates: 1.2, 1)
3. A fixed pulley at the top right (coordinates: 2, 9)

The rope connections are as follows:

- The rope starts from the person pulling (left side), goes over the top left fixed pulley, and then connects to the movable pulley at the bottom.
- The rope then goes from the movable pulley at the bottom, over the top right fixed pulley, and finally connects to the load on the right side.

This pulley system is a combination of a first-class lever (fixed pulleys) and a second-class lever (movable pulley). The mechanical advantage of this system can be calculated by counting the number of rope segments that support the load.

There are two rope segments supporting the load in this system:

1. The rope segment going from the movable pulley at the bottom to the top right fixed pulley.
2. The rope segment going from the top right fixed pulley to the load.

So, the mechanical advantage of this pulley system is 2. This means that the input force required to lift the load is half the weight of the load, assuming an idealized system with no friction and no rope stretch.",gpt-4-0314,2,2
simp_MA3_B,"The pulley system depicted in the TiKZ code above is a compound pulley system with two pulleys: one fixed pulley and one movable pulley. In an idealized system with no rope stretch and no friction, the mechanical advantage of this type of pulley system is equal to the number of rope segments supporting the load.

In the given pulley system, there are two rope segments supporting the load (the weight hanging below the movable pulley). Therefore, the mechanical advantage of the system is 2.",gpt-4-0314,2,2
simp_MA2_B,"The mechanical advantage of a pulley system can be determined by counting the number of rope segments supporting the load. In the given TiKZ code, the pulley system consists of three pulleys. The load is supported by two rope segments on the left side of the top-left pulley and one rope segment on the right side of the top-right pulley.

Thus, the mechanical advantage of the system is 3. This means that the force required to lift the load is reduced by a factor of 3, but the distance the force must be applied is increased by the same factor.",gpt-4-0314,3,3
simp_MA3_A,"The mechanical advantage of a pulley system is determined by the number of rope segments that support the load. In the given pulley system, there are two segments of rope supporting the load.

The mechanical advantage (MA) of the system is therefore 2. This means that the force required to lift the load is half of the load's weight, assuming an idealized system with no friction and no rope stretch.",gpt-4-0314,2,2
simp_MA4_B,"The given TikZ code depicts a pulley system with a single movable pulley and a single fixed pulley. In this system, the mechanical advantage can be determined by counting the number of ropes supporting the load. In this case, there are two rope segments supporting the load. Therefore, the mechanical advantage of the system is 2.",gpt-4-0314,2,2
simp_MA4_A,"To determine the mechanical advantage of the pulley system depicted in the TiKZ code, we need to analyze the number of supporting ropes holding the load. In an idealized pulley system, the mechanical advantage is equal to the number of supporting ropes.

From the given TiKZ code, we can see that there are two pulleys at the bottom connected to the load, and one pulley at the top. The ropes supporting the load go from the top pulley to the two bottom pulleys and back up to the top pulley. This means there are a total of 4 supporting ropes holding the load.

Therefore, the mechanical advantage of the system depicted in the TiKZ code is 4.",gpt-4-0314,4,4